OrderID,OrderDate,CustomerName,City,Product,Category,Quantity,UnitPrice,TotalAmount,PaymentMode,Rating
1230,09/11/2024,Karthik Iyer,tirunelveli,Namkeen 200g,Snacks,3,532.1,1596.3,Upi,2
1142,2024-12-24,Suresh Sharma,tirunelveli,Soap Pack of 4,Household,3,389.59,1168.77,Cash ,3
1082,2024-01-24,Arun Iyer,Combatore,Phenyl 1L,Household,-5,376.37,1881.85,upi,5
1015,27-01-2024,Lakshmi Murugan,SALEM,Detergent 1kg,Household,2,450.6,901.2,Upi,4
1384,13/04/24,Manoj Murugan,ERODE,Soft Drink 1.5L,Beverages,6,324.78,1948.68,netbanking,4
1359,05/09/24,Raja Nair,Trunelveli,Tea Powder 250g,Beverages,9,471.72,4245.48,netbanking,4
1012,30-01-2024,Anitha Iyer,erode,Soft Drink 1.5L,Beverages,8,109.78,878.24,CASH,
1206,03/01/2024,Anitha Iyer,Vellore,Phenyl 1L,Household,8,123.66,989.28,CARD,5
1371,11/06/2024,Divya Kumar,,Banana Chips 200g,Snacks,6,131.08,786.48,upi,4
1060,07/13/2024,Meena Kumar,,Toor Dal 1kg,Grocery,10,51.77,517.7,Upi,5
1062,11/26/2024,Raja Raj,vellore,Sunflower Oil 1L,Grocery,5,452.57,2262.85,Cash,3
1209,16-09-2024,Suresh Raj,Trichy,Juice 1L,Beverages,9,550.71,4956.39,,4
1010,07/04/24,Sangeetha Nair,Erode,Ghee 500ml,Dairy,2,402.21,804.42,Cash,1
1355,03-06-2024,Karthik Sundaram,tirunelveli,Phenyl 1L,Household,10,553.86,5538.6, UPI,5
1039,14-08-2024,Suresh Pillai,Chennai ,Biscuit Pack,Snacks,2,582.71,1165.42,Cash ,
1366,27-10-2024,Raja Nair,ERODE,Dishwash Liquid 500ml,Household,5,55.17,275.85,,4
1261,2024-01-12,Priya Reddy,Madurai,Milk 1L,Dairy,9,₹87.18,784.62,CASH,4
1194,24/10/24,Lakshmi Murugan,Salem,Ghee 500ml,Dairy,10,514.31,5143.1,Net banking,
1218,18/05/24,Senthil Nair,MADURAI,Coffee Powder 200g,Beverages,10,254.77,2547.7,Card,5
1005,02/26/2024,Vijay Murugan,Erode,Juice 1L,Beverages,9,332.61,2993.49,netbanking,4
1201,05/12/2024,Sangeetha Reddy,,Murukku 250g,Snacks,3,395.41,1186.23,upi,3
1137,2024-02-02,Kavya Iyer,,Milk 1L,Dairy,5,116.84,584.2,CARD,2
1040,11/27/2024,  Sangeetha Raj  ,salem,Dishwash Liquid 500ml,Household,10,483.6,4836.0,Cash ,2
1320,2024-11-10,Bala Kumar,Chennai ,Soft Drink 1.5L,Beverages,7,350.81,2455.67,Net Banking,4
1077,02/09/2024,Ramesh Sharma,Madurai,Soft Drink 1.5L,Beverages,8,40.18,410.97,Net banking,1
1310,19-02-2024,  Lakshmi Raj  ,,Curd 500g,Dairy,-8,459.25,2233.12,Cash ,2
1292,15-09-2024,  Manoj Sundaram  ,,Soap Pack of 4,Household,7,446.98,3128.86,upi,1
1186,2024-04-09,Anitha Pillai,vellore,Murukku 250g,Snacks,1,27.52,27.52,Net Banking,5
1207,10-02-2024,Senthil Iyer,Trichy ,Milk 1L,Dairy,1,₹113.23,113.23,cash,4
1095,04/04/2024,Manoj Sundaram,MADURAI,Toor Dal 1kg,Grocery,1,447.24,447.24,upi,4
1270,05/11/24,  Ramesh Murugan  ,madurai,Biscuit Pack,Snacks,1,103.52,103.52,UPI,3
1200,03/01/2024,Kavya Reddy,vellore,Coffee Powder 200g,Beverages,10,23.83,238.3,UPI,3
1087,2024-03-12,Nithya Pillai,tirunelveli,Sugar 1kg,Grocery,4,₹369.43,1477.72,cash,5
1259,2024-01-17,Vijay Kumar,coimbatore,Mixture 500g,Snacks,7,383.38,2683.66,Net Banking,2
1149,11/04/2024,Divya Sharma,Madurai,Soft Drink 1.5L,Beverages,6,550.11,3962.64,,4
1278,08/02/24,Swathi Krishnan,Coimbatore,Rice 5kg,Grocery,2,430.68,861.36, UPI,3
1343,11-02-2024,  Meena Sharma  ,Trichy ,Paneer 200g,Dairy,2,552.04,1104.08,Net Banking,4
1238,21-06-2024,Bala Murugan,Trunelveli,Detergent 1kg,Household,4,108.85,435.4,Net banking,
1014,2024-10-05,Karthik Reddy,Tirunelveli,Biscuit Pack,Snacks,10,597.74,5977.4,Card,5
1234,10/15/2024,Deepa Iyer,vellore,Ghee 500ml,Dairy,8,561.44,4491.52,card,4
1167,2024-12-14,Kavya Iyer,ERODE,Ghee 500ml,Dairy,3,507.57,1522.71,Cash ,3
1227,02/15/2024,Divya Nair,Trichy,Salt 1kg,Grocery,3,480.75,1442.25,UPI,1
1114,16-07-2024,Kavya Sundaram,salem,Rice 5kg,Grocery,2,128.69,257.38,Net Banking,
1226,06/01/2024,Manoj Raj,chennai,Coffee Powder 200g,Beverages,4,294.24,1176.96,Card,1
1220,15/06/24,Swathi Murugan,,Detergent 1kg,Household,7,199.43,1396.01,upi,3
1072,05-04-2024,Divya Nair,,Paneer 200g,Dairy,10,285.13,2851.3,cash,3
1075,05-08-2024,Lakshmi Pillai,tirunelveli,Salt 1kg,Grocery,7,451.12,3157.84, UPI,4
1353,2024-09-21,Deepa Raj,SALEM,Soft Drink 1.5L,Beverages,7,229.17,1604.19,Net Banking,3
1369,31-08-2024,Senthil Sundaram,Tiruchirapalli,Biscuit Pack,Snacks,-8,178.35,1426.8, UPI,
1265,11-10-2024,Karthik Raj,erode,Mixture 500g,Snacks,6,297.62,1785.72,CARD,3
1315,04/28/2024,Bala Sharma,SALEM,Juice 1L,Beverages,7,226.54,1585.78,Net banking,5
1103,12/28/2024,Priya Pillai,vellore,Dishwash Liquid 500ml,Household,7,475.77,3330.39,Upi,4
1092,21/02/24,Vijay Reddy,tirunelveli,Murukku 250g,Snacks,9,177.26,1595.34,cash,
1248,19-10-2024,Deepa Reddy,Trichy,Curd 500g,Dairy,8,418.96,3351.68,netbanking,1
1293,26/12/24,Sangeetha Krishnan,Coimbatore ,Juice 1L,Beverages,1,422.03,422.03,card,4
1033,22-02-2024,Arun Sundaram,Salem,Soft Drink 1.5L,Beverages,3,195.32,585.96,Cash,3
1108,06-09-2024,Anitha Murugan,Chennai,Salt 1kg,Grocery,4,59.42,237.68,netbanking,1
1284,11/08/2024,Priya Murugan,Trichy,Dishwash Liquid 500ml,Household,1,₹293.31,293.31,UPI,3
1202,29-10-2024,Arun Reddy,Salem,Tea Powder 250g,Beverages,8,523.04,4184.32,upi,3
1313,05/02/24,Meena Iyer,Trunelveli,Butter 100g,Dairy,2,210.31,420.62,CARD,4
1147,13/06/24,Vijay Nair,Chennai,Soap Pack of 4,Household,4,392.74,1570.96,Cash ,5
1349,03/07/2024,Manoj Murugan,Trunelveli,Dishwash Liquid 500ml,Household,7,576.69,4036.83,card,3
1056,07/09/2024,Prakash Nair,tirunelveli,Butter 100g,Dairy,6,267.52,1605.12, UPI,
1019,11-08-2024,Vijay Murugan,Chennai,Phenyl 1L,Household,5,42.19,210.95,card,3
1083,06/23/2024,Nithya Sundaram,Chennai ,Soap Pack of 4,Household,5,300.11,1500.55,card,2
1232,04-06-2024,Arun Reddy,Coimbatore,Ghee 500ml,Dairy,2,291.47,582.94,,1
1291,10/10/2024,Ramesh Raj,CHENNAI,Salt 1kg,Grocery,8,262.57,2100.56,CARD,3
1160,21/12/24,Bala Raj,Coimbatore,Ghee 500ml,Dairy,9,530.48,4774.32,Net banking,
1299,12/07/2024,Vijay Krishnan,Salem,Dishwash Liquid 500ml,Household,5,466.45,1989.69,upi,3
1139,2024-08-26,Senthil Krishnan,Vellore,Milk 1L,Dairy,6,177.33,1063.98,cash,4
1045,10/25/2024,Meena Pillai,Tirunelveli,Rice 5kg,Grocery,3,161.63,484.89,upi,
1133,25-05-2024,Lakshmi Murugan,Trichy,Soap Pack of 4,Household,10,443.41,4434.1,upi,5
1282,08-04-2024,Arun Murugan,erode,Murukku 250g,Snacks,7,403.23,2822.61,CASH,
1250,13/04/24,Manoj Raj,,Salt 1kg,Grocery,2,124.27,248.54, UPI,4
1380,2024-02-07,Divya Krishnan,Trichy,Sugar 1kg,Grocery,4,158.63,634.52,CARD,4
1057,05/22/2024,Kavya Nair,Coimbatore ,Phenyl 1L,Household,1,581.67,581.67,upi,4
1081,12/29/2024,Raja Pillai,erode,Murukku 250g,Snacks,9,391.08,3519.72,Net banking,1
1006,05/14/2024,Swathi Reddy,vellore,Tea Powder 250g,Beverages,9,519.25,5704.74,CARD,5
1118,2024-01-19,Ramesh Sundaram,vellore,Murukku 250g,Snacks,3,434.84,1304.52,Net banking,4
1136,30-03-2024,Bala Raj,tirunelveli,Curd 500g,Dairy,7,443.38,3103.66,Cash ,2
1319,02/12/24,Kavya Pillai,Coimbatore ,Biscuit Pack,Snacks,1,403.52,403.52,Cash,5
1197,05/28/2024,Bala Nair,Chenai,Wheat Flour 5kg,Grocery,4,545.66,2182.64,Net banking,3
1337,09-09-2024,  Arun Murugan  ,Erode,Coffee Powder 200g,Beverages,3,40.8,122.4,Net Banking,
1053,2024-03-30,Karthik Sundaram,MADURAI,Paneer 200g,Dairy,3,592.77,1778.31,Cash,
1275,09/29/2024,Divya Reddy,vellore,Butter 100g,Dairy,3,142.3,426.9,Card,1
1390,2024-11-23,Bala Sharma,madurai,Sunflower Oil 1L,Grocery,10,522.83,5228.3,Net Banking,3
1329,16/06/24,Sangeetha Reddy,Salem,Tea Powder 250g,Beverages,6,436.08,2616.48,Upi,
1119,10/24/2024,Kavya Murugan,coimbatore,Detergent 1kg,Household,1,346.67,346.67,card,
1281,19-11-2024,Anitha Nair,erode,Detergent 1kg,Household,2,333.27,969.25,Net Banking,3
1058,20/04/24,Deepa Sundaram,Salem,Detergent 1kg,Household,5,554.49,2772.45,,2
1335,2024-02-15,Vijay Iyer,Chennai,Namkeen 200g,Snacks,5,586.96,2934.8,cash,5
1302,19/09/24,  Suresh Pillai  ,erode,Coffee Powder 200g,Beverages,4,358.39,1433.56,Card,
1185,27/11/24,Meena Sundaram,Salem,Sunflower Oil 1L,Grocery,1,420.55,420.55,CASH,4
1347,09/11/24,Divya Krishnan,,Tea Powder 250g,Beverages,7,49.53,391.92,netbanking,3
1068,04/29/2024,Deepa Murugan,Vellore,Dishwash Liquid 500ml,Household,10,489.25,4892.5,netbanking,4
1274,02/13/2024,Lakshmi Sharma,Salem,Mixture 500g,Snacks,10,448.6,4486.0,Upi,4
1123,08/02/2024,Kavya Reddy,Combatore,Soap Pack of 4,Household,5,552.84,2764.2,Card,4
1224,08/01/24,Swathi Reddy,SALEM,Soap Pack of 4,Household,1,₹108.25,108.25,,5
1177,09-06-2024,Swathi Nair,Erode,Soap Pack of 4,Household,10,36.71,367.1,,4
1245,03/15/2024,Swathi Pillai,vellore,Dishwash Liquid 500ml,Household,3,139.92,419.76,upi,5
1111,22-07-2024,Divya Krishnan,Coimbatore,Soft Drink 1.5L,Beverages,10,295.79,1698.86,cash,
1295,04/14/2024,Priya Iyer,Trunelveli,Wheat Flour 5kg,Grocery,6,535.03,3210.18,CASH,5
1059,19-09-2024,Senthil Sharma,tirunelveli,Banana Chips 200g,Snacks,1,₹110.24,110.24,CASH,4
1179,22/02/24,Priya Iyer,tirunelveli,Banana Chips 200g,Snacks,7,253.9,1777.3,Net Banking,4
1399,02/22/2024,Senthil Kumar,Chennai ,Banana Chips 200g,Snacks,8,147.66,1181.28,Card,2
1344,2024-02-10,Priya Raj,madurai,Coffee Powder 200g,Beverages,5,202.09,1010.45,Net banking,5
1389,15-06-2024,Bala Murugan,Tirunelveli,Detergent 1kg,Household,1,309.88,309.88, UPI,4
1168,01/28/2024,Anitha Pillai,Tiruchirapalli,Paneer 200g,Dairy,10,190.55,1905.5,Cash ,4
1377,08/15/2024,Karthik Reddy,Combatore,Juice 1L,Beverages,10,131.64,1316.4,cash,3
1363,2024-01-10,Lakshmi Iyer,SALEM,Milk 1L,Dairy,10,334.26,3342.6, UPI,3
1309,03/13/2024,Sangeetha Pillai,Madurai,Rice 5kg,Grocery,6,100.63,603.78,Card,
1330,31/10/24,  Manoj Murugan  ,MADURAI,Salt 1kg,Grocery,4,384.41,1537.64,upi,3
1395,25/08/24,  Manoj Kumar  ,Trichy,Paneer 200g,Dairy,8,241.07,1928.56,Net Banking,1
1268,2024-03-06,Swathi Sharma,salem,Butter 100g,Dairy,4,415.28,1661.12,card,5
1393,01/04/24,Sangeetha Reddy,Trunelveli,Coffee Powder 200g,Beverages,1,447.63,447.63,netbanking,5
1229,02/05/2024,Sangeetha Reddy,Salem,Banana Chips 200g,Snacks,9,424.28,3818.52,card,4
1315,04/28/2024,Bala Sharma,SALEM,Juice 1L,Beverages,7,226.54,1585.78,Net banking,5
1382,29/09/24,Arun Sundaram,Combatore,Butter 100g,Dairy,6,489.5,2937.0,Net banking,2
1357,11/17/2024,Vijay Iyer,CHENNAI,Salt 1kg,Grocery,1,458.8,458.8,Cash ,5
1141,01/23/2024,  Karthik Pillai  ,Tiruchirapalli,Tea Powder 250g,Beverages,7,512.42,3586.94, UPI,4
1157,01/02/24,Priya Sundaram,madurai,Soft Drink 1.5L,Beverages,5,151.22,756.1,Cash,5
1375,01-02-2024,Divya Raj,tirunelveli,Wheat Flour 5kg,Grocery,6,502.86,3017.16,UPI,4
1294,11/09/2024,Ramesh Nair,erode,Detergent 1kg,Household,6,₹383.55,2301.3,Cash ,5
1266,30/12/24,Divya Sharma,vellore,Soap Pack of 4,Household,3,584.86,1754.58,netbanking,5
1286,06-09-2024,Ramesh Nair,Combatore,Murukku 250g,Snacks,6,340.98,2045.88,cash,2
1129,2024-09-05,Manoj Pillai,Chennai,Soft Drink 1.5L,Beverages,9,250.68,2256.12,netbanking,5
1140,05/05/2024,Karthik Pillai,Coimbatore ,Mixture 500g,Snacks,10,475.01,4750.1,CARD,4
1317,26/02/24,Manoj Pillai,Coimbatore ,Sugar 1kg,Grocery,8,286.6,2422.73,CARD,3
1135,07-06-2024,  Vijay Krishnan  ,Coimbatore,Rice 5kg,Grocery,1,570.23,570.23,netbanking,
9998,2024-07-20,,chennai,Milk 1L,Dairy,2,25.0,50.0,upi,
1216,2024-08-18,Raja Iyer,Erode,Butter 100g,Dairy,8,194.02,1552.16,Net Banking,
1244,11/16/2024,Priya Sundaram,Tiruchirapalli,Mixture 500g,Snacks,1,567.6,567.6,card,
1260,2024-09-04,Meena Krishnan,tirunelveli,Coffee Powder 200g,Beverages,3,85.09,255.27,Cash ,
1303,31/07/24,Prakash Murugan,CHENNAI,Namkeen 200g,Snacks,7,234.39,1640.73,card,4
1195,2024-01-03,  Meena Sharma  ,Trichy,Banana Chips 200g,Snacks,4,204.32,817.28,CARD,3
1196,14-05-2024,Ramesh Pillai,salem,Butter 100g,Dairy,8,278.31,2226.48,cash,2
1400,01/07/2024,Prakash Murugan,Trunelveli,Wheat Flour 5kg,Grocery,6,587.25,3523.5,Cash ,4
1296,03/03/24,Bala Krishnan,Coimbatore ,Ghee 500ml,Dairy,4,205.87,823.48,netbanking,
1026,13/05/24,Prakash Pillai,Erode,Biscuit Pack,Snacks,7,440.03,3080.21,Cash ,
1172,13-07-2024,Raja Murugan,,Curd 500g,Dairy,1,237.61,237.61,Cash,2
1249,26/03/24,Raja Iyer,chennai,Juice 1L,Beverages,1,343.47,343.47,cash,5
1061,2024-08-23,Anitha Kumar,Vellore,Murukku 250g,Snacks,2,520.02,1040.04,netbanking,2
1241,12/05/24,Swathi Murugan,chennai,Rice 5kg,Grocery,5,27.97,139.85,netbanking,1
1088,18-12-2024,Bala Pillai,vellore,Banana Chips 200g,Snacks,9,328.76,2958.84,CASH,5
1017,07/29/2024,Lakshmi Pillai,,Toor Dal 1kg,Grocery,7,584.83,4093.81,upi,3
1392,01/04/2024,Suresh Nair,vellore,Sunflower Oil 1L,Grocery,4,95.36,381.44,Net Banking,5
1032,03/02/2024,Prakash Krishnan,Salem,Rice 5kg,Grocery,10,234.03,2340.3,card,4
1097,27-02-2024,Ramesh Reddy,trichy,Mixture 500g,Snacks,10,236.7,2367.0,upi,2
1022,24/02/24,Priya Krishnan,Madurai,Curd 500g,Dairy,10,512.85,5128.5, UPI,4
1076,20-05-2024,Lakshmi Raj,salem,Ghee 500ml,Dairy,5,197.77,988.85,netbanking,
1381,14-05-2024,Arun Sharma,salem,Sunflower Oil 1L,Grocery,-6,45.46,190.34,CARD,3
1210,15/01/24,Raja Sundaram,Tirunelveli,Phenyl 1L,Household,10,165.08,1650.8,Net Banking,5
1352,01/04/2024,Deepa Sundaram,Tiruchirapalli,Milk 1L,Dairy,9,309.07,2781.63,card,3
1112,16-06-2024,Prakash Murugan,vellore,Dishwash Liquid 500ml,Household,2,310.46,620.92,Net Banking,2
1336,2024-03-25,Senthil Kumar,Salem,Coffee Powder 200g,Beverages,8,525.57,4204.56,netbanking,5
1287,02-08-2024,Sangeetha Murugan,salem,Milk 1L,Dairy,5,323.39,1616.95,cash,4
1050,09-09-2024,Karthik Sharma,Trichy ,Murukku 250g,Snacks,9,210.24,1892.16,,5
1162,2024-01-26,Kavya Kumar,ERODE,Butter 100g,Dairy,3,58.06,174.18,cash,4
1016,2024-01-22,Ramesh Sundaram,CHENNAI,Murukku 250g,Snacks,8,₹339.97,2719.76,cash,
1052,02/05/2024,Prakash Sundaram,Tirunelveli,Namkeen 200g,Snacks,2,570.43,1140.86,UPI,1
1239,16/05/24,Suresh Nair,vellore,Wheat Flour 5kg,Grocery,3,461.98,1385.94,Net banking,4
1055,11/29/2024,Ramesh Sundaram,Madurai,Toor Dal 1kg,Grocery,10,338.05,3380.5,card,3
1289,2024-02-26,Priya Iyer,Chennai,Soap Pack of 4,Household,1,301.34,301.34,Net banking,5
1115,16/11/24,Prakash Murugan,trichy,Tea Powder 250g,Beverages,5,175.68,878.4,card,5
1029,2024-08-09,Meena Sharma,,Milk 1L,Dairy,10,473.93,4739.3,Card,3
1257,03/30/2024,Arun Sundaram,Trichy,Mixture 500g,Snacks,-2,198.51,397.02,Cash,5
1340,24/03/24,Meena Pillai,Trichy,Dishwash Liquid 500ml,Household,2,337.35,674.7,Card,4
1365,02-03-2024,Meena Nair,coimbatore,Paneer 200g,Dairy,1,₹376.4,376.4,CASH,
1051,04-07-2024,Kavya Iyer,vellore,Dishwash Liquid 500ml,Household,3,533.54,1600.62,netbanking,1
1035,21-03-2024,Manoj Sundaram,vellore,Dishwash Liquid 500ml,Household,7,197.12,1379.84,cash,4
1048,05/19/2024,Manoj Kumar,CHENNAI,Milk 1L,Dairy,3,72.28,216.84,upi,3
1096,2024-09-14,Divya Reddy,salem,Milk 1L,Dairy,6,₹195.13,1170.78,CARD,
1046,04-09-2024,Karthik Reddy,SALEM,Biscuit Pack,Snacks,9,111.63,1004.67,CARD,4
1181,08/22/2024,Meena Iyer,tirunelveli,Milk 1L,Dairy,2,46.55,93.1,Net Banking,5
1110,28-03-2024,Bala Krishnan,vellore,Toor Dal 1kg,Grocery,-4,193.99,775.96,Cash,4
1074,2024-04-07,Manoj Kumar,Madurai,Coffee Powder 200g,Beverages,1,478.84,478.84,CARD,4
1163,18-12-2024,Prakash Raj,ERODE,Mixture 500g,Snacks,4,236.03,944.12,Net banking,3
1175,2024-08-12,Lakshmi Murugan,Erode,Mixture 500g,Snacks,5,228.92,1144.6,Cash,
1134,07/06/2024,Meena Kumar,Trichy ,Banana Chips 200g,Snacks,4,307.03,1228.12,Cash,5
1107,24-11-2024,Senthil Sundaram,ERODE,Coffee Powder 200g,Beverages,8,580.57,4644.56,Upi,3
1361,07/06/24,  Bala Nair  ,Madurai,Tea Powder 250g,Beverages,5,535.65,2678.25,,2
1018,28/06/24,Divya Krishnan,Chennai ,Sugar 1kg,Grocery,8,222.8,1782.4,UPI,4
1025,10/06/2024,Prakash Sharma,Trichy ,Tea Powder 250g,Beverages,1,516.9,516.9,CASH,5
1001,08/02/2024,Divya Murugan,Salem,Rice 5kg,Grocery,9,₹70.42,633.78,upi,3
1327,01/28/2024,Anitha Reddy,Trunelveli,Murukku 250g,Snacks,5,530.07,2650.35,,1
1044,08/15/2024,Nithya Nair,Trunelveli,Tea Powder 250g,Beverages,8,525.98,2391.82,Card,2
1002,12-07-2024,Anitha Pillai,MADURAI,Murukku 250g,Snacks,4,575.18,2300.72,CASH,5
1314,25-07-2024,Lakshmi Nair,Chennai ,Banana Chips 200g,Snacks,2,89.15,178.3,cash,2
1240,2024-12-16,Anitha Pillai,Coimbatore ,Detergent 1kg,Household,6,219.82,1318.92,Upi,4
1356,04/06/24,Nithya Sundaram,MADURAI,Biscuit Pack,Snacks,9,340.04,3060.36,UPI,1
1054,08/09/24,Manoj Pillai,Coimbatore ,Tea Powder 250g,Beverages,2,282.16,564.32,card,
1338,12-09-2024,Arun Sundaram,Tirunelveli,Milk 1L,Dairy,3,454.96,1364.88,UPI,3
1378,12/02/2024,Bala Nair,madurai,Rice 5kg,Grocery,6,200.49,1202.94, UPI,5
1267,24-10-2024,Lakshmi Reddy,Trunelveli,Soap Pack of 4,Household,7,60.37,422.59,netbanking,4
1339,2024-08-19,Kavya Sharma,,Toor Dal 1kg,Grocery,2,505.45,1010.9,netbanking,5
1321,08/06/2024,Suresh Iyer,ERODE,Coffee Powder 200g,Beverages,5,47.57,237.85,UPI,2
1376,03-12-2024,Priya Sundaram,Chennai ,Sunflower Oil 1L,Grocery,7,58.16,407.12,card,
1362,2024-08-14,Raja Reddy,Madurai,Juice 1L,Beverages,8,106.41,851.28,,4
1023,31/08/24,Divya Raj,Chenai,Soap Pack of 4,Household,8,407.2,3257.6,Net banking,3
1182,03/29/2024,Lakshmi Reddy,Chenai,Sugar 1kg,Grocery,10,574.59,5745.9,Cash ,4
1288,17/04/24,Nithya Iyer,Combatore,Milk 1L,Dairy,4,180.33,721.32,netbanking,3
1381,14-05-2024,Arun Sharma,salem,Sunflower Oil 1L,Grocery,-6,45.46,190.34,CARD,3
1183,10/10/2024,Swathi Krishnan,vellore,Phenyl 1L,Household,6,582.89,3497.34,Net banking,3
1297,23-09-2024,Kavya Raj,ERODE,Phenyl 1L,Household,8,70.64,565.12,Cash,3
1398,04/28/2024,Divya Raj,Trichy,Toor Dal 1kg,Grocery,3,439.93,1336.29,CARD,4
1280,2024-03-18,Manoj Sundaram,,Soap Pack of 4,Household,2,60.84,121.68,,3
1397,16-02-2024,Priya Iyer,ERODE,Dishwash Liquid 500ml,Household,2,246.56,493.12,Cash,4
1136,30-03-2024,Bala Raj,tirunelveli,Curd 500g,Dairy,7,443.38,3103.66,Cash ,2
1128,2024-05-22,Ramesh Pillai,Madurai,Banana Chips 200g,Snacks,7,303.89,2127.23,netbanking,
1387,23-10-2024,Arun Pillai,Tiruchirapalli,Wheat Flour 5kg,Grocery,5,130.57,652.85,Card,5
1173,05/14/2024,Meena Nair,Trichy,Coffee Powder 200g,Beverages,9,176.59,1589.31,Cash,5
1341,03/11/24,Sangeetha Nair,Combatore,Banana Chips 200g,Snacks,5,544.17,2720.85,CASH,3
1109,2024-06-30,Raja Sundaram,Chennai,Soap Pack of 4,Household,5,29.94,149.7,UPI,2
1273,2024-05-22,Swathi Sundaram,Madurai,Mixture 500g,Snacks,10,171.06,1710.6,CASH,1
1300,13/01/24,Ramesh Reddy,Trunelveli,Rice 5kg,Grocery,3,138.99,416.97,Card,5
1108,06-09-2024,Anitha Murugan,Chennai,Salt 1kg,Grocery,4,59.42,237.68,netbanking,1
1049,2024-12-10,Manoj Raj,Tirunelveli,Soft Drink 1.5L,Beverages,4,518.88,2075.52,Card,
1132,04/19/2024,Lakshmi Pillai,,Butter 100g,Dairy,5,99.53,497.65,upi,2
1374,15/01/24,Prakash Krishnan,Tirunelveli,Juice 1L,Beverages,10,488.45,4884.5,Net Banking,4
1148,01/29/2024,Vijay Kumar,Trichy,Toor Dal 1kg,Grocery,8,327.07,2616.56,UPI,4
1243,2024-01-10,Senthil Reddy,Vellore,Coffee Powder 200g,Beverages,9,71.05,639.45,Cash,4
1328,23/03/24,Lakshmi Iyer,Trunelveli,Soft Drink 1.5L,Beverages,8,245.31,1962.48,card,2
1346,19/03/24,Karthik Krishnan,chennai,Milk 1L,Dairy,3,396.85,1190.55,UPI,5
1178,25-03-2024,Raja Sharma,Trunelveli,Dishwash Liquid 500ml,Household,4,299.52,1198.08,UPI,1
1354,31/05/24,Suresh Raj,Chenai,Coffee Powder 200g,Beverages,7,589.53,4126.71,cash,1
1024,2024-07-27,Divya Sundaram,ERODE,Paneer 200g,Dairy,5,156.01,780.05,cash,3
1253,2024-12-07,Manoj Raj,erode,Soap Pack of 4,Household,1,161.93,161.93,,3
1308,10-11-2024,Karthik Murugan,Tirunelveli,Murukku 250g,Snacks,6,471.71,2830.26,UPI,4
1358,08/05/2024,Prakash Iyer,MADURAI,Namkeen 200g,Snacks,2,210.15,420.3,card,2
1042,30/08/24,Manoj Iyer,Erode,Namkeen 200g,Snacks,6,340.11,2040.66,Card,4
1211,2024-08-31,Senthil Nair,trichy,Sugar 1kg,Grocery,9,330.68,2976.12,Card,4
1367,2024-08-25,Anitha Reddy,SALEM,Dishwash Liquid 500ml,Household,9,138.01,1242.09,upi,3
1146,2024-11-27,Anitha Nair,MADURAI,Tea Powder 250g,Beverages,7,416.26,2913.82,Upi,5
1331,11-01-2024,Ramesh Sundaram,ERODE,Biscuit Pack,Snacks,10,499.53,4995.3,netbanking,3
1264,05/07/24,Manoj Sharma,Trichy,Mixture 500g,Snacks,8,76.41,611.28,netbanking,4
1066,23/12/24,Senthil Raj,Tirunelveli,Salt 1kg,Grocery,7,184.81,1293.67,Upi,2
1311,05/24/2024,Kavya Kumar,trichy,Ghee 500ml,Dairy,5,570.3,2851.5,UPI,2
1170,2024-12-21,Prakash Nair,vellore,Sunflower Oil 1L,Grocery,7,22.71,158.97,CASH,3
1116,06/13/2024,Meena Kumar,coimbatore,Butter 100g,Dairy,6,508.14,3048.84,netbanking,4
1151,01/01/24,Deepa Nair,Tirunelveli,Mixture 500g,Snacks,8,396.52,3172.16,Card,3
1067,21-02-2024,Ramesh Iyer,vellore,Toor Dal 1kg,Grocery,7,314.92,1783.1,card,4
1038,17/06/24,Sangeetha Iyer,chennai,Namkeen 200g,Snacks,5,125.26,626.3,Net Banking,4
1161,01-08-2024,  Vijay Pillai  ,Chennai ,Banana Chips 200g,Snacks,5,200.35,1001.75,cash,3
1285,19-04-2024,Swathi Sharma,Coimbatore ,Rice 5kg,Grocery,4,267.2,1068.8,netbanking,2
1258,01-10-2024,Ramesh Reddy,Erode,Biscuit Pack,Snacks,8,537.39,4299.12,Net banking,1
1008,2024-12-09,Suresh Iyer,Coimbatore ,Detergent 1kg,Household,3,402.66,1207.98,Net Banking,3
1169,22/03/24,Ramesh Pillai,vellore,Paneer 200g,Dairy,3,471.79,1415.37,Upi,
1176,22-03-2024,Lakshmi Nair,Tirunelveli,Toor Dal 1kg,Grocery,8,177.66,1421.28,Net banking,3
1158,05-03-2024,Meena Raj,Trichy ,Juice 1L,Beverages,1,311.22,311.22,UPI,4
1093,01/20/2024,Nithya Murugan,Madurai,Tea Powder 250g,Beverages,8,296.92,2375.36,card,1
1204,2024-02-12,Kavya Kumar,vellore,Detergent 1kg,Household,7,153.1,1071.7,netbanking,2
1231,2024-09-07,Lakshmi Iyer,,Biscuit Pack,Snacks,1,504.41,504.41,UPI,4
1009,08/12/24,Divya Raj,coimbatore,Soap Pack of 4,Household,10,₹341.27,3412.7,cash,2
1122,2024-09-07,Arun Reddy,Chenai,Juice 1L,Beverages,7,22.58,158.06,Cash,3
1063,2024-08-14,Swathi Murugan,trichy,Paneer 200g,Dairy,2,122.74,245.48,Net banking,5
1126,08/11/24,Divya Sundaram,Vellore,Coffee Powder 200g,Beverages,1,280.84,280.84,Net Banking,4
1326,10-05-2024,Divya Sharma,Erode,Phenyl 1L,Household,6,210.99,1265.94, UPI,4
1263,19/12/24,Senthil Iyer,SALEM,Milk 1L,Dairy,3,36.82,110.46,Net Banking,2
1030,25/08/24,Raja Sundaram,Vellore,Coffee Powder 200g,Beverages,9,469.29,4223.61,card,4
1184,13/01/24,Ramesh Murugan,Trunelveli,Phenyl 1L,Household,6,432.0,2592.0,Net banking,3
1269,03/12/2024,Kavya Raj,Chenai,Detergent 1kg,Household,1,156.44,156.44,CARD,4
1256,16/04/24,Swathi Sharma,Tirunelveli,Mixture 500g,Snacks,8,305.65,2445.2,Card,1
1174,11/25/2024,Nithya Reddy,Madurai,Soft Drink 1.5L,Beverages,8,211.75,1984.75,Net Banking,2
1130,2024-02-12,Karthik Raj,Coimbatore ,Rice 5kg,Grocery,3,275.95,1207.03,Upi,3
1219,28-01-2024,Deepa Murugan,erode,Namkeen 200g,Snacks,3,442.11,1326.33,cash,3
1100,05/08/24,Suresh Iyer,vellore,Juice 1L,Beverages,6,88.81,532.86,upi,1
1084,2024-03-22,Kavya Iyer,Vellore,Mixture 500g,Snacks,6,160.21,961.26,UPI,1
1193,11/26/2024,Nithya Iyer,Tirunelveli,Paneer 200g,Dairy,1,22.92,22.92,CASH,4
9999,15-06-2024,Test Customer,Chennai,Rice 5kg,Grocery,5,999999,999999,Cash,5
1383,28-08-2024,Priya Sharma,Vellore,Namkeen 200g,Snacks,9,190.63,1715.67,Card,3
1205,01/10/24,Karthik Kumar,Salem,Soap Pack of 4,Household,2,321.46,642.92,card,5
1286,06-09-2024,Ramesh Nair,Combatore,Murukku 250g,Snacks,6,340.98,2045.88,cash,2
1154,11/30/2024,Senthil Sundaram,Salem,Rice 5kg,Grocery,2,218.25,436.5,Cash,5
1246,05/16/2024,Ramesh Kumar,madurai,Detergent 1kg,Household,7,577.49,4042.43,Card,4
1192,2024-10-06,Kavya Iyer,Chennai,Detergent 1kg,Household,5,371.81,1859.05,netbanking,1
1276,2024-05-19,  Raja Nair  ,Salem,Juice 1L,Beverages,8,241.56,1932.48,Cash,3
1198,09/06/2024,Raja Kumar,vellore,Detergent 1kg,Household,10,416.81,4168.1,upi,3
1372,2024-09-24,Raja Reddy,SALEM,Tea Powder 250g,Beverages,4,402.71,1610.84,UPI,3
1203,12/03/2024,Arun Iyer,Coimbatore,Coffee Powder 200g,Beverages,9,416.93,3752.37, UPI,1
1348,2024-08-28,Bala Pillai,Chennai ,Wheat Flour 5kg,Grocery,5,537.87,2689.35,Net banking,5
1391,29/07/24,  Swathi Reddy  ,Madurai,Salt 1kg,Grocery,4,60.3,241.2,Upi,
1252,07/11/24,Meena Sundaram,Chennai ,Curd 500g,Dairy,8,187.49,1499.92,UPI,
1007,06/06/2024,Raja Sharma,SALEM,Salt 1kg,Grocery,6,462.26,2773.56,CASH,
1003,15-12-2024,Priya Krishnan,Trichy,Phenyl 1L,Household,2,516.08,1032.16,Net banking,5
1098,2024-12-10,Senthil Iyer,Madurai,Dishwash Liquid 500ml,Household,4,435.81,1743.24,Net Banking,4
1324,05/22/2024,Divya Raj,Trichy ,Namkeen 200g,Snacks,1,162.44,162.44,,1
1101,01/25/2024,Vijay Krishnan,Tirunelveli,Butter 100g,Dairy,2,38.69,77.38,cash,
1236,09/04/2024,Manoj Pillai,Coimbatore,Dishwash Liquid 500ml,Household,5,232.91,1164.55,Card,4
1070,2024-01-15,Ramesh Nair,ERODE,Paneer 200g,Dairy,4,493.69,1974.76,Net Banking,4
1166,12/28/2024,Raja Krishnan,trichy,Mixture 500g,Snacks,10,254.38,2543.8,Cash ,5
1037,11-12-2024,Lakshmi Reddy,salem,Namkeen 200g,Snacks,7,566.75,3967.25,,4
1304,08/24/2024,Swathi Raj,MADURAI,Juice 1L,Beverages,5,295.28,1476.4,Cash ,
1283,30/11/24,Suresh Iyer,erode,Dishwash Liquid 500ml,Household,8,329.69,2637.52,,
1386,20-02-2024,  Vijay Nair  ,erode,Soft Drink 1.5L,Beverages,8,155.6,1244.8,CASH,3
1143,2024-12-17,Ramesh Sharma,coimbatore,Banana Chips 200g,Snacks,2,115.34,230.68,Card,4
1228,08-04-2024,Priya Kumar,Trunelveli,Salt 1kg,Grocery,3,426.77,1280.31,Upi,3
1153,10/22/2024,Kavya Sundaram,Trichy,Banana Chips 200g,Snacks,1,47.93,47.93, UPI,4
1233,06-08-2024,Nithya Nair,coimbatore,Detergent 1kg,Household,9,400.99,3608.91,Net banking,2
1190,02/23/2024,Priya Sundaram,erode,Namkeen 200g,Snacks,4,205.78,823.12,Cash,4
1131,12/21/2024,Divya Nair,vellore,Milk 1L,Dairy,2,20.63,41.26, UPI,
1090,15/05/24,Raja Krishnan,chennai,Soap Pack of 4,Household,8,324.78,2598.24,CARD,5
1279,26/11/24,Deepa Raj,tirunelveli,Biscuit Pack,Snacks,1,242.02,242.02,Card,
1079,09/17/2024,Manoj Raj,MADURAI,Sugar 1kg,Grocery,6,407.35,2444.1,card,3
1271,07-07-2024,Kavya Krishnan,,Juice 1L,Beverages,10,24.31,243.1,,3
1150,10/07/24,Arun Murugan,Trunelveli,Tea Powder 250g,Beverages,3,552.89,1658.67,cash,3
1043,2024-05-15,Raja Sharma,chennai,Butter 100g,Dairy,2,527.03,1054.06,Net Banking,3
1332,20/08/24,Arun Sundaram,Coimbatore ,Dishwash Liquid 500ml,Household,3,48.87,146.61,,5
1355,03-06-2024,Karthik Sundaram,tirunelveli,Phenyl 1L,Household,10,553.86,5538.6, UPI,5
1011,01/31/2024,Suresh Reddy,Erode,Paneer 200g,Dairy,9,76.79,691.11,Cash,4
1351,22-02-2024,Vijay Murugan,Chenai,Mixture 500g,Snacks,9,370.49,3334.41,netbanking,2
1080,28-07-2024,Karthik Pillai,Trichy ,Curd 500g,Dairy,6,291.1,1746.6,Cash,5
1217,10/02/24,Karthik Nair,salem,Namkeen 200g,Snacks,10,135.4,1354.0,Upi,5
1307,2024-06-10,Priya Sundaram,Tirunelveli,Coffee Powder 200g,Beverages,6,48.25,289.5,cash,3
1254,13-07-2024,Deepa Murugan,Coimbatore ,Rice 5kg,Grocery,10,403.34,4033.4, UPI,5
1212,05/12/24,Arun Reddy,MADURAI,Phenyl 1L,Household,4,446.55,1786.2,upi,5
1221,05/13/2024,Nithya Murugan,Erode,Phenyl 1L,Household,8,386.01,3088.08,card,4
1237,06/01/24,  Bala Nair  ,Salem,Detergent 1kg,Household,1,554.69,554.69,netbanking,2
1086,14-12-2024,Vijay Pillai,Vellore,Rice 5kg,Grocery,6,46.24,294.59,Card,4
1189,24-05-2024,Karthik Raj,ERODE,Ghee 500ml,Dairy,8,159.4,1275.2,UPI,5
1199,27-10-2024,Raja Pillai,chennai,Banana Chips 200g,Snacks,8,531.3,4881.69,CARD,5
1180,19-08-2024,Raja Iyer,Combatore,Detergent 1kg,Household,8,571.21,4569.68, UPI,5
1333,12/11/24,Sangeetha Nair,salem,Curd 500g,Dairy,4,368.05,1472.2, UPI,3
1242,25-02-2024,  Vijay Murugan  ,Vellore,Milk 1L,Dairy,4,477.73,1910.92,Cash,4
1138,05/07/24,  Raja Pillai  ,erode,Detergent 1kg,Household,10,116.79,1167.9,,
1388,17/04/24,Divya Krishnan,Vellore,Dishwash Liquid 500ml,Household,9,360.46,3244.14,netbanking,2
1225,12/31/2024,Manoj Kumar,erode,Soft Drink 1.5L,Beverages,-3,52.5,157.5,Net Banking,4
1290,05/18/2024,Divya Raj,Trichy ,Butter 100g,Dairy,8,51.52,412.16,Net Banking,4
1144,02/22/2024,Ramesh Raj,Tiruchirapalli,Detergent 1kg,Household,6,249.82,1197.4,UPI,4
1152,2024-12-28,Senthil Sharma,MADURAI,Detergent 1kg,Household,10,80.38,803.8,cash,5
1360,2024-06-05,Sangeetha Kumar,Trichy ,Detergent 1kg,Household,9,234.21,2107.89,Net Banking,2
1305,27/05/24,Meena Sharma,Erode,Soft Drink 1.5L,Beverages,9,449.12,4042.08,Upi,5
1091,06/25/2024,Meena Sundaram,Salem,Paneer 200g,Dairy,8,203.88,1631.04,card,2
1213,03-10-2024,Swathi Pillai,erode,Detergent 1kg,Household,10,523.89,5238.9,card,4
1125,06-07-2024,Deepa Raj,erode,Juice 1L,Beverages,4,189.41,757.64, UPI,4
1102,20-05-2024,Priya Murugan,trichy,Juice 1L,Beverages,5,155.81,779.05,Card,5
1085,30/11/24,Raja Reddy,,Banana Chips 200g,Snacks,5,308.47,1542.35,Net Banking,4
1156,24/11/24,Swathi Reddy,Combatore,Sugar 1kg,Grocery,1,140.03,140.03,Net Banking,5
1235,2024-12-19,  Manoj Nair  ,tirunelveli,Phenyl 1L,Household,1,590.11,590.11,Card,5
1214,2024-06-24,Raja Reddy,Erode,Coffee Powder 200g,Beverages,1,26.86,26.86,card,5
1394,2024-02-23,Priya Krishnan,Coimbatore ,Ghee 500ml,Dairy,3,178.79,536.37,cash,4
1255,2024-12-18,Ramesh Raj,salem,Detergent 1kg,Household,5,210.94,1054.7,UPI,2
1120,19/02/24,Karthik Reddy,madurai,Juice 1L,Beverages,7,553.92,3877.44,Upi,5
1342,2024-09-01,  Anitha Raj  ,madurai,Soft Drink 1.5L,Beverages,6,584.5,3507.0, UPI,3
1277,2024-04-22,Divya Sharma,vellore,Toor Dal 1kg,Grocery,9,215.7,1941.3,Cash,
1298,28/09/24,Anitha Reddy,erode,Dishwash Liquid 500ml,Household,1,189.08,259.38,card,5
1089,14/04/24,Bala Reddy,Trichy,Namkeen 200g,Snacks,10,469.27,4692.7,UPI,2
1047,2024-04-07,Meena Kumar,SALEM,Phenyl 1L,Household,7,179.2,1254.4,Cash ,5
1065,2024-07-28,Lakshmi Pillai,Chennai ,Coffee Powder 200g,Beverages,2,312.64,625.28,netbanking,3
1385,06/08/24,Prakash Sharma,salem,Coffee Powder 200g,Beverages,6,167.63,1005.78,card,3
1073,16/12/24,Sangeetha Kumar,Chennai ,Murukku 250g,Snacks,6,167.12,1292.02,CASH,
1318,25-10-2024,  Deepa Iyer  ,ERODE,Soap Pack of 4,Household,5,306.92,1534.6,card,
1027,12-04-2024,Vijay Nair,tirunelveli,Soft Drink 1.5L,Beverages,2,292.78,585.56,Card,2
1099,26/11/24,  Bala Raj  ,chennai,Soft Drink 1.5L,Beverages,6,426.22,2557.32,Cash ,1
1036,06-02-2024,Divya Sundaram,Salem,Soap Pack of 4,Household,8,61.28,490.24, UPI,2
1247,2024-01-08,Sangeetha Murugan,Tirunelveli,Milk 1L,Dairy,10,291.88,2918.8,,4
1034,12/10/24,Deepa Kumar,erode,Juice 1L,Beverages,8,86.17,683.67,cash,3
1004,2024-10-17,Manoj Nair,trichy,Ghee 500ml,Dairy,9,147.38,1326.42,cash,1
1316,24-06-2024,Karthik Murugan,ERODE,Rice 5kg,Grocery,6,108.59,651.54,Cash ,4
1222,11/08/24,Meena Reddy,madurai,Wheat Flour 5kg,Grocery,8,₹569.24,4553.92,netbanking,4
1094,15/09/24,Deepa Sundaram,vellore,Milk 1L,Dairy,1,193.07,193.07,card,4
1160,21/12/24,Bala Raj,Coimbatore,Ghee 500ml,Dairy,9,530.48,4774.32,Net banking,
1373,01/23/2024,  Nithya Reddy  ,SALEM,Salt 1kg,Grocery,7,391.76,2742.32,card,4
1191,10-12-2024,  Manoj Pillai  ,Madurai,Tea Powder 250g,Beverages,-2,51.48,102.96,Upi,4
1306,24-10-2024,Sangeetha Raj,Combatore,Milk 1L,Dairy,6,357.02,2142.12,,2
1113,2024-07-18,Nithya Nair,Tiruchirapalli,Juice 1L,Beverages,10,403.19,4031.9,UPI,2
1350,03/02/2024,Sangeetha Sundaram,Coimbatore ,Soap Pack of 4,Household,9,47.29,587.73,upi,
1345,02/14/2024,  Prakash Raj  ,Chennai,Sugar 1kg,Grocery,8,286.89,2295.12,netbanking,5
1127,10/03/24,Bala Pillai,Trichy,Curd 500g,Dairy,10,332.49,3324.9,CARD,5
1334,06/19/2024,Karthik Reddy,Erode,Namkeen 200g,Snacks,6,585.15,3510.9,Net banking,4
1028,11/07/24,Lakshmi Sharma,,Curd 500g,Dairy,8,425.69,3405.52,cash,5
1272,2024-08-28,Raja Raj,salem,Sunflower Oil 1L,Grocery,10,71.3,713.0,,1
1106,03/19/2024,Lakshmi Reddy,erode,Namkeen 200g,Snacks,6,550.31,3301.86,upi,1
1396,04/01/2024,Ramesh Reddy,,Wheat Flour 5kg,Grocery,3,118.94,214.28,Net Banking,2
1171,25-07-2024,Suresh Kumar,Salem,Sugar 1kg,Grocery,5,284.44,1422.2,Net banking,3
1165,2024-11-23,Arun Reddy,erode,Soft Drink 1.5L,Beverages,9,498.1,4482.9,CARD,5
1368,03/03/2024,Vijay Sharma,Chennai ,Milk 1L,Dairy,7,599.56,4196.92,Card,3
1117,12/28/2024,Sangeetha Sharma,tirunelveli,Butter 100g,Dairy,6,238.11,1428.66,,3
1013,15/05/24,Prakash Raj,coimbatore,Wheat Flour 5kg,Grocery,10,162.8,1628.0,Net banking,3
1145,18-06-2024,Prakash Pillai,Madurai,Sunflower Oil 1L,Grocery,2,357.75,715.5,Cash,4
1325,19-10-2024,Priya Raj,Erode,Salt 1kg,Grocery,5,522.96,2614.8,CARD,2
1208,21/05/24,  Sangeetha Reddy  ,chennai,Soft Drink 1.5L,Beverages,9,185.88,1839.4,upi,1
1262,2024-03-13,Meena Sundaram,trichy,Paneer 200g,Dairy,8,409.25,3274.0,Cash,3
1021,02/17/2024,Meena Krishnan,CHENNAI,Biscuit Pack,Snacks,10,371.86,3718.6, UPI,3
1323,2024-05-16,Raja Krishnan,Vellore,Soft Drink 1.5L,Beverages,3,159.42,478.26,netbanking,5
1159,02-08-2024,Vijay Pillai,,Coffee Powder 200g,Beverages,2,70.48,140.96,CARD,4
1140,05/05/2024,Karthik Pillai,Coimbatore ,Mixture 500g,Snacks,10,475.01,4750.1,CARD,4
1069,22-02-2024,Bala Reddy,Trunelveli,Coffee Powder 200g,Beverages,5,471.31,2356.55,upi,3
1164,2024-06-05,Arun Krishnan,MADURAI,Tea Powder 250g,Beverages,4,₹176.07,704.28,,3
1371,11/06/2024,Divya Kumar,,Banana Chips 200g,Snacks,6,131.08,786.48,upi,4
1223,28-05-2024,Suresh Nair,Tiruchirapalli,Juice 1L,Beverages,9,463.43,4170.87,card,3
1301,09-10-2024,Karthik Iyer,Tirunelveli,Butter 100g,Dairy,6,395.4,2372.4, UPI,5
1364,02/20/2024,Nithya Sharma,Erode,Ghee 500ml,Dairy,10,₹46.09,460.9,Net Banking,
1400,01/07/2024,Prakash Murugan,Trunelveli,Wheat Flour 5kg,Grocery,6,587.25,3523.5,Cash ,4
1020,07/13/2024,Suresh Pillai,tirunelveli,Dishwash Liquid 500ml,Household,2,437.46,874.92,netbanking,4
1322,22/10/24,Meena Nair,,Salt 1kg,Grocery,6,136.04,816.24,Net banking,3
1105,2024-08-26,Arun Pillai,Trichy ,Ghee 500ml,Dairy,1,142.85,142.85,Net Banking,4
1188,2024-06-18,  Nithya Pillai  ,ERODE,Phenyl 1L,Household,6,324.73,1948.38, UPI,3
1078,12-04-2024,Lakshmi Kumar,Salem,Soft Drink 1.5L,Beverages,8,320.29,2562.32,CARD,4
1104,05-11-2024,Nithya Iyer,vellore,Wheat Flour 5kg,Grocery,4,167.9,671.6,netbanking,2
1149,11/04/2024,Divya Sharma,Madurai,Soft Drink 1.5L,Beverages,6,550.11,3962.64,,4
1251,12/03/2024,Lakshmi Reddy,Coimbatore,Banana Chips 200g,Snacks,2,323.81,647.62, UPI,3
1187,01-11-2024,Raja Raj,MADURAI,Sunflower Oil 1L,Grocery,7,181.89,1273.23,,5
1071,04-08-2024,Meena Reddy,Madurai,Banana Chips 200g,Snacks,3,460.13,1380.39,Cash,5
1031,31/08/24,Arun Pillai,madurai,Soft Drink 1.5L,Beverages,6,182.2,1093.2,cash,2
1041,16-05-2024,Sangeetha Reddy,salem,Namkeen 200g,Snacks,9,103.89,935.01,UPI,5
1312,04/03/24,Raja Reddy,coimbatore,Detergent 1kg,Household,10,127.37,1273.7,card,4
1124,30/11/24,Nithya Murugan,ERODE,Coffee Powder 200g,Beverages,8,187.52,1500.16,CASH,1
1379,06/17/2024,Arun Krishnan,vellore,Detergent 1kg,Household,4,475.45,1901.8,Net banking,5
1215,17/03/24,Kavya Nair,vellore,Coffee Powder 200g,Beverages,3,351.42,1054.26,CASH,4
1370,31-03-2024,Nithya Raj,erode,Butter 100g,Dairy,2,332.42,664.84,Net banking,2
1121,07/26/2024,  Priya Raj  ,Combatore,Soft Drink 1.5L,Beverages,6,395.82,2374.92,upi,3
1155,09/08/2024,Senthil Krishnan,Chennai,Coffee Powder 200g,Beverages,7,424.37,2970.59,CARD,5
1064,10/19/2024,Suresh Sundaram,Trunelveli,Detergent 1kg,Household,1,53.0,53.0,Cash ,4
1380,2024-02-07,Divya Krishnan,Trichy,Sugar 1kg,Grocery,4,158.63,634.52,CARD,4
